title,link,category,date,body
"세종시 지역구로 둔 이해찬, 환경장관에 ""세종洑 철거, 시간 두고 판단했으면""",http://news.chosun.com/site/data/html_dir/2019/06/07/2019060701573.html,조선닷컴 > 정치,2019. 6. 7 (금),"환경부, 2월 세종보 철거 결정…농민 등 주민 반발 ""경관 악화됐다"" 비판도與소속 세종시장도 사실상 철거 반대…세종시가 지역구인 李 대표도 유보적이개호 농림부 장관 ""北 아프리카 돼지열병, 철책선 있어 확산 염려 거의 없어""더불어민주당 이해찬 대표가 정부가 추진하는 4대강 보(洑) 해체와 관련해 7일 ""세종보의 경우 해체와 전면 개방을 두고 시간을 두고 판단할 필요가 있지 않느냐는 지역의 의견을 감안해서 문제를 해결했으면 좋겠다""고 말했다. 정부는 세종보 철거를 추진하고 있고, 세종시는 이 대표의 지역구다.이 대표는 이날 오후 서울 여의도 한 식당에서 조명래 환경부장관과 오찬을 한 자리에서 ""지방의 의견을 감안해서 그런 문제(4대강 보 해체)를 해결했으면 좋겠다""고 말했다고 동석한 이해식 민주당 대변인이 전했다. 이 대표는 이날 조 장관과 이개호 농림축산식품부 장관, 김현미 국토교통부 장관, 문성혁 해양수산부 장관과 오찬을 했다. 이 대표가 18개 정부부처 장관들과 함께 하는 '릴레이 오찬' 세 번째 일정이다. 조 장관은 4대강 보 처리 문제와 관련해 ""일부 보 해체와 관련한 여러 부정적 의견도 있지만 4대강의 자연성 회복이란 과제가 중요하다""며 ""그 과제에 대해서 보 주변 주민뿐 아니라 농사 짓는 농민, 국민이 제대로 이해하게 환경부가 노력하겠다""고 말했다고 한다. 이에 이 대표가 ""시간을 두고 판단하라""며 유보적인 의견을 내비친 것이다.환경부 4대강 조사·평가기획위원회는  지난 2월 4대강 사업으로 건설된 금강과 영산강의 5개보 중 세종보와 죽산보를 철거하고, 공주보를 부분 철거하며, 백제보·승촌보도 수문을 상시 개방하는 안(案)을 발표했다. 그러나 정부가 보 철거 여부를 결정하기 위해 실시한 여론조사에서 농업·임업·어업 종사자 절반 이상이 '보가 필요하다'고 답한 것으로 뒤늦게 알려졌고, 인근 주민들은 ""정작 물을 사용하는 사람들의 의견은 묵살됐다""고 반발했다. 지난 3월 열린 세종보 철거 주민 설명회에선 주민들이 '졸속 결정'이라며 항의했다.이런 가운데 민주당 소속 이춘희 세종시장은 지난 5월 23일 브리핑에서 세종보에 대해 ""시민들의 찬반 의견이 팽팽해 한쪽으로 치우친 결정을 하는 것은 위험하다""고 했다. 당시 이 시장은 ""세종보를 철거한다거나 유지한다는 결정을 유보한 것""이라고 말했지만, '당분간 세종보를 유지하겠다'는 뜻을 밝혀 사실상 환경부 조사·평가기획위 결정에 반대한 것으로 해석됐다. 이날 오찬에서 농림부 이 장관은 최근 북한에서 발생한 아프리카 돼지열병이 남한으로 전파될 가능성에 대해 ""철책선이 있어 (멧돼지가 남한으로 내려오는 일이) 현실적으로 불가능하고, (철책선이) 없는 판문점 주변과 강가도 북한군의 철저한 감시체계가 돼 있다""며 ""북한으로부터 아프리카 돼지열병이 남한으로 확산될 위험은 거의 걱정할 필요가 없다""고 말했다고 이 대변인이 전했다. 또 이 장관은 아프리카 돼지열병과 관련해 ""다만 공항으로 외국에서 들여오는 관련 식품이나 농축산품에 대한 검역 강화는 매우 중요하다""고 했다.민주당은 북한에서 발병한 아프리카 돼지열병과 관련해 남북 협력을 강화할 계기로 삼겠다는 뜻을 밝혔었다. 지난 4일 민주당 설훈 최고위원은 ""북한으로부터 아프리카 돼지열병 유입을 막으려면 남북 합동방역 등 남북 협력이 중요하다""며 ""북한이 전염병 문제에는 극도로 예민한 만큼 방역 지원 관련한 인도적 지원은 수 일 내에 받아들일 가능성이 크다고 본다. 이번 기회에 남북 협력이 성사되면 대북식량지원 등 교류 재개의 계기가 될 수도 있을 것""이라고 말했다.이 장관은 쌀 직불금 개편과 관련해서는 ""기획재정부와 약간 이견이 있지만 국회에서 개편안대로 통과되도록 신경을 써달라""고 이 대표에게 요청했다.한편 조명래 장관은 미세먼지 대책과 관련해 ""(올해 편성된) 본 예산은 거의 소진상태""라며 ""추경이 시급한데 국회가 열리고 있지 않아 답답하다. 국회가 열릴 수 있게 당에서 노력해줬으면 한다""고 말했다.이 대표는 김현미 국토부 장관과는 3기 신도시 문제에 대해 주로 논의했다. 이 대표는 김 장관에게 ""3기 신도시의 광역교통대책을 철저히 세우라""고 주문했다. 김 장관은 ""오늘부터 GTX 등 3기 신도시 관련 지방자치단체장들과 대도시권 광역교통위원회를 열어서 철저한 교통대책을 수립하고 있다""고 답했다.문성혁 해수부 장관은 3년째 타결되지 못하고 있는 한일어업협상과 관련해 어족자원 보호와 어민들의 소득향상 등을 위해 노력하겠다는 뜻을 이 대표에게 전했다."
"출근길 비소식...""우산 챙기세요""",http://news.chosun.com/site/data/html_dir/2019/06/07/2019060700483.html,조선닷컴 > 사회,2019. 6. 7 (금),"금요일인 7일은 남부지방을 지나는 저기압의 영향으로 전국이 흐리고 비가 내리다가 오후에 대부분 그치겠다. 이날 강수량은 강원 영동·경북 동해안·경북 북동 산지가 30~80㎜(많은 곳 120㎜ 이상)로 예보됐다. 그 밖의 전국 지역은 5~20㎜로 예보됐다. 호우 특보가 발표된 강원 영동과 경북 동해안에는 천둥·번개를 동반한 시간당 30㎜ 이상의 강한 비와 100㎜가 넘는 많은 비가 내리는 곳이 있겠다. 기상청 관계자는 ""동해안에는 많은 비로 지반이 약해져 축대가 무너지거나 산사태가 발생할 수 있어 시설물 관리와 안전사고에 유의해야 한다""고 했다.비는 이날 정오쯤 서해안에서 그치기 시작해 오후 6시쯤 대부분 그치겠다. 강원 동해안에는 다음날 오전까지 이어지는 곳이 있겠다. 주요 지역 아침 기온은 △서울 18도 △인천 18도 △수원 18도 △춘천 18도 △강릉 16도 △청주 19도 △대전 18도 △전주 20도 △광주광역시 20도 △대구 18도 △부산 20도 △제주 22도다.  낮 최고 기온은 △서울 24도 △인천 23도 △수원 25도 △춘천 24 △강릉 19도 △청주 23도 △대전 23도 △전주 23도 △광주광역시 23도 △대구 24도 △부산 23도 △제주 24도다.  미세먼지 농도는 대기 확산이 원활하고 비의 영향을 받아 전 권역에서 ‘좋음’ 수준을 보이겠다.바다의 물결은 서해 앞바다에서 0.5∼3.0ｍ, 남해 앞바다에서 1.0∼3.5ｍ, 동해 앞바다에서 1.0∼4.0ｍ 높이로 일겠다. 먼바다 파고(波高)는 서해 1.0∼4.0ｍ, 남해 2.0∼5.0ｍ, 동해 1.0∼5.0ｍ로 예보됐다.전 해상에서 이날 오전까지 바람이 강하고 물결이 높게 일겠다. 기상청 관계자는 ""동해상에는 돌풍과 함께 천둥과 번개가 치는 곳이 있겠다""면서 ""항해나 조업하는 선박들은 주의해야 한다""고 했다."
역세권·학세권 갖추고 천안 원도심 재생사업 프리미엄 누린다,http://news.chosun.com/site/data/html_dir/2019/06/06/2019060601137.html,조선일보 > 특집섹션,2019. 6. 7 (금),"최근 정부가 노후화된 원도심을 중심으로 도시재생사업을 추진하면서 낙후된 도심의 개발이 활성화되고 있다. 특히 천안 동남부권인 천안역 주변에도 도시재생 뉴딜사업이 진행되면서, 주변 부동산 시장이 주목을 받고 있다. 이곳은 동남구청사, 지식산업센터, 주거시설 등을 중심으로 복합 재생이 진행 중이다. 또 주변에 10여개 단지 1만5000여 가구의 재개발, 재건축, 뉴스테이도 추진되고 있다.이 지역 한 중개업자는 ""천안 동부권 도시재생이 속도를 올리면서 전국 근린재생형 선도지역중 유일하게 주거인구가 증가하는 지역""이라고 말했다. 동남구 도시재생 사업이 본격화된 이후 주거인구는 2014년 1688명에서 2017년 1938명, 유동인구는 2015년 2091명에서 2017년 2894명으로 38.4% 증가했다. 특히, 천안시 인구는 2015년 60만명(24.3만세대)을 돌파한 이후 2019년 4월 기준 약 67만명(27.6만세대)으로 증가하고 있다.천안시 원성동 일대에 들어서는 신천안 한성필하우스 에듀타운은 이런 천안역 도시재생사업지역에 들어서는 아파트로 눈길을 끌고 있다. 이 단지는 지하 2층~지상 28층 16개동, 전용면적 59㎡(106가구) 73㎡(419가구) 84㎡(787가구) 114㎡(59가구) 등 모두 중소형 평형 1784가구로 구성된다.신천안 한성 필하우스 에듀타운은 이름에서 연상할 수 있듯 인근의 교육 인프라가 눈길을 끈다. 단지 바로 앞 공립 유치원이 있고, 천안초교, 천안중, 천안북중, 복자여중고, 중앙고, 제일고, 천안공고 등을 걸어서 통학할 수 있다. 중앙도서관, 학생교육문화원 등 교육시설이 가깝고, 단지 안에 국공립 어린이집이 들어설 예정이다.단지에서 걸어서 10분 거리에 수도권전철, 경부선 천안역이 있고, KTX, SRT이용이 가능한 천안아산역이 가깝다. 올해 하반기 경부선 전철 급행화가 완료될 경우, 서울 출퇴근이 한층 편리해질 전망이다. 또한 천안역-세종시-청주공항간 복선전철도 2022년 신설될 예정이다. 단지에서 도보 15분 거리에 신세계백화점, 이마트, 아라리오 갤러리, CGV 등이 있으며, 단국대병원, 순천향병원 충무병원, 오룡웰빙파크(2023년예정) 시민체육공원, 태조산 등도 이용이 편리하다.단지 내에는 휘트니스센터, GX룸, 골프 등 커뮤니티 시설과 테마공원과 수경 및 녹지공간도 꾸며질 예정이다. 전 세대 남향과 남동향 위주 배치에 4BAY 판상형 중심으로 설계된다. 또한 단지 앞에 학교가 있어 조망이 우수하며 공공시설 이용 등 좋은 주거 환경을 제공한다.단지 옆 큰 도로에서 98% 자동차가 지하주차장으로 바로 연결된다. 또 미세먼지 저감 시스템인 자동환기시스템, 중앙정수시스템, 친환경 태양광발전, 홈네트워크시스템, 통합 IoT시스템 기술이 적용된다.견본주택은 충남 천안시 서북구 성정동 1244에 마련될 예정이다. 입주는 2022년 4월 예정이다.문의 (041)566-3300"
"""하필 폭풍우 오는 날""..'컬투쇼' 산들X우주소녀, 흐린 날씨에도 쾌청한 라이브[종합]",http://news.chosun.com/site/data/html_dir/2019/06/06/2019060601266.html,OSEN > 연예,2019. 6. 6 (목),"[OSEN=심언경 기자] B1A4 산들, 우주소녀가 흐린 날씨와 상반되는, 밝은 입담과 무대를 선사했다.6일 방송된 SBS 파워FM '두시탈출 컬투쇼' 3, 4부에는 '특선 라이브' 코너가 마련된 가운데, 그룹 우주소녀와 B1A4 산들이 게스트로 출연했다. 산들은 지난 3일 솔로 앨범 '날씨 좋은 날'으로 돌아왔다. 산들은 앨범과 동명인 타이틀 곡 '날씨 좋은 날'에 대해 ""찬란한 슬픔을 그린 노래다. 요즘 미세먼지 때문에 날씨 좋은 날이 요즘 귀하다. 날씨 좋은 날에 하늘을 봤더니 옛 연인이 떠오르는데, 마음을 정리하려고 하는 내용을 담았다""고 소개했다.'날씨 좋은 날'은 윤종신이 작사, 작곡부터 디렉팅까지 맡은 곡이다. 이에 홍경민은 ""윤종신에게 발음 지적을 받지 않았냐""고 물었다. 산들은 ""딱히 그러시진 않았다""며 ""녹음 중에 발음이 좋다고 해주셨다""고 답했다.그러면서 산들은 윤종신에게 고마운 마음을 전했다. 산들은 ""평소에도 윤종신 선배의 곡을 너무 좋아한다. '오르막길'이라는 노래를 들으면서 힐링을 많이 받았다""며 ""이번 타이틀 곡을 윤종신 선배가 써주셨으면 좋겠다고 말씀드렸더니, 흔쾌히 알겠다고 해주셨다""고 말했다. 산들은 평소 방탄소년단 진, 빅스 켄과 친분이 두터운 것으로 잘 알려져 있다. 이에 한 청취자는 진, 켄이 산들의 신곡을 듣고 어떤 반응을 보였냐고 질문했다. 산들은 ""노래를 들려주진 않았다. 그냥 떨린다고 얘기했더니, 빨리 한 번 보자고 하더라""고 답했다.우주소녀는 지난 4일 신곡 'Boogie Up'으로 컴백했다. 엑시는 이번 앨범에 대해 ""여름 스페셜 앨범이다. 여름에 듣기 좋고, 듣기만 해도 경쾌하고 흥이 절로 나는 노래다. 에어컨 바람을 쐴 필요가 없다. 뼛속까지 시원하다""고 홍보했다. 엑시는 이번 신곡의 랩 메이킹을 담당했다. 엑시는 ""우주소녀의 유일한 래퍼다. 랩을 잘하는 친구가 없다. 대신 다들 노래를 잘한다""며 자신감을 내비쳤다. DJ 홍경민은 우주소녀의 새 앨범 트랙리스트를 읊은 뒤, 다 신나는 노래냐고 물었다. 이에 우주소녀가 ""'Boogie Up'과 비슷하다""고 말하자, DJ 김태균이 ""다 듣고 나면 귀가 얼겠다""고 너스레를 떨었다. 그러자 우주소녀는 ""녹였다가 얼렸다가 한다. '핫'한 여름 곡도 있다""고 말했고, DJ 홍경민은 ""대장간도 아니고, 귀가 단단해지겠다""고 말해 모두를 폭소케 했다.하필 이날 날씨는 흐리고 비가 왔다. 산들, 우주소녀의 신곡과는 너무나 다른 분위기였다. 이에 산들은 ""제목이 '날씨 좋은 날'인데, 오늘 날씨가 너무 안 좋다. 하필 오늘이 컴백인데 이럴 수 있나 싶다""고 허탈해 했다. 엑시 역시 ""신곡이 듣기만 해도 시원한 노래인데, 하필 오늘 폭풍우가 온다""고 말해 웃음을 자아냈다. 이날 산들은 '날씨 좋은 날'과 '그렇게 있어 줘'를, 우주소녀는 'Boogie Up'을 라이브 무대로 선보였다. 산들은 감미로운 음색과 안정적인 가창력으로 스튜디오의 분위기를 압도했다. 우주소녀도 상큼하고 발랄한 매력으로 여름과 꼭 맞는 무대를 펼쳤다. /notglasses@osen.co.kr[사진] 보이는 라디오 방송화면 캡처"
"NPB 구단들,KT팬서비스 벤치마킹 위해 방문",http://news.chosun.com/site/data/html_dir/2019/06/06/2019060601020.html,OSEN > 스포츠,2019. 6. 6 (목),"[OSEN=조형래 기자] 일본 프로야구 구단들이 IT(정보기술) 시스템과 마케팅 벤치 마킹을 위해 KT 구단을 잇따라 찾았다.7일 소프트뱅크 구단을 시작으로, 9일에는 NPB(일본 프로야구 기구, Nippon Professional Baseball)와 니혼햄, 지바롯데 구단이 수원 KT 위즈 파크를 찾는다.소프트뱅크는 오노 정보시스템부 이사 등 IT와 마케팅 인력들이 위즈 파크를 방문해 스마트 오더(구장 내 식음료를 앱으로 주문하고 관중석에서 배달 받을 수 있는 서비스) 등 IT 관련 팬 편의 서비스와, 5G(5세대 이동통신 기술) 기반의 실감형 미디어 서비스를 제공하는 ‘5G 스타디움’을 참관하게 된다. NPB와 니혼햄, 지바롯데 마케팅 담당자들은 5G 스타디움 등 위즈 파크의IT 신기술 도입 사례를 살펴볼 예정이다.지난 5월에도 라쿠텐 구단이 위즈 파크를 방문해 스마트 티켓(앱에서 티켓 예매와 동시에 발권하고 전용 게이트로 입장이 가능한 서비스)을 벤치마킹하고 라쿠텐 구장 도입을 위한 기술 협력을 협의 중이다. 라쿠텐은 이에 앞서 작년 7월, 야구장을 워터 파크로 변신시키는 위즈 파크의 대표 여름 축제인 ‘워터 페스티벌’을 현장에서 참여하고 8월 라쿠텐 구장에서 일본 구단 최초로 워터 페스티벌을 시행한 바 있다. 올 시즌에도 라쿠텐은 워터 페스티벌을 더욱 활성화하기 위해 KT 구단이 자체 제작한 워터 캐논(물대포) 등의 협력을 요청했다.한편, KT는 지난 3월 27일 홈 개막전에서 위즈 파크가 5G 스타디움으로 새롭게 변신하는 ‘5G 스타디움 개관식’을 갖은 바 있다. 기존 중계에서 볼 수 없었던 다양한 시점?각도의 화면과 자세한 데이터를 구단 공식 어플리케이션과 모바일로 송출하고 있다. 아울러, 5G 스타디움 통합운영실을 구축해 경기 관람 환경과 관중예매 현황, 회원 관리 및 캠페인 등을 실시간으로 확인하고 대응하는 한편, 미세먼지 측정 저감 서비스를 시행 중이다.KT 송해영 경영기획실장은 &ldquo;5G 스타디움과 워터 페스티벌 등 KT 구단의 팬서비스들이 국내 팬들은 물론 일본 구단들에게도 큰 관심을 받고 있다”며 “앞으로도 새로운 팬서비스를 계속 개발하고 선보여서, 위즈 파크에서 관전하는 팬들에게 차별화된 경험을 드릴 수 있도록 하겠다”고 계획을 밝혔다. /jhrae@osen.co.kr"
현충일 비 소식… 제주서 시작해 밤부터 전국으로 확대,http://news.chosun.com/site/data/html_dir/2019/06/06/2019060600391.html,연합뉴스 > 사회,2019. 6. 6 (목),"현충일이자 목요일인 6일은 전국에 가끔 구름 많다가 낮부터 흐려지며 제주도를 시작으로 비가 내리겠다. 비는 밤에 전국적으로 확대하겠다. 7일 밤까지 예상 강수량은 강원 영동, 제주도, 남해안, 경북 동해안은 50∼100㎜다. 많은 곳은 150㎜, 제주도 산지엔 250㎜ 이상의 비가 내릴 것으로 예보됐다. 그 밖의 지역 예상 강수량은 20∼70㎜다.  기상청은 제주와 남해안은 오후부터 시간당 30㎜ 이상의 강한 비가 내리겠다며 피해가 없도록 각별히 유의해야 한다고 당부했다. 비가 내리는 지역은 돌풍과 함께 곳에 따라 천둥, 번개도 예보돼 있어 시설물 관리에도 신경 써야 한다. 오전 5시 현재 주요 도시 기온은 서울 18.6도, 인천 17.7도, 수원 17.5도, 춘천 18.5도, 강릉 16.6도, 청주 20.6도, 대전 19.4도, 천안 17.0도, 전주 18.6도, 광주 20.0도, 제주 19.3도, 대구 20.0도, 부산 19.7도, 울산 17.5도, 창원 17.5도 등이다. 낮 최고 기온은 22∼32도로 평년(21.9∼28.5도)보다 높겠다. 미세먼지 농도는 광주에서 '나쁨' 수준을 보이고 그 밖의 지역은 '좋음'∼'보통' 수준으로 예상됐다. 다만 강원 영서, 세종, 충북, 전북, 전남, 영남권은 오전에 대기 정체 때문에 미세먼지 농도가 '나쁨' 수준을 보이겠다. 바다의 물결은 동해 앞바다 0.5∼1.5ｍ, 남해·서해 0.5∼2.5ｍ로 일겠다. 먼바다 파고는 0.5∼1.5ｍ, 남해·서해 0.5∼4.0ｍ로 예보됐다. 남해안과 서해안은 천문조 때문에 바닷물 높이가 높아 해안 저지대 침수 피해와 안전사고에 유의해야 한다고 기상청은 당부했다."
현충일 오후 제주 시작으로 7일까지 전국에 비…'돌풍 주의',http://news.chosun.com/site/data/html_dir/2019/06/05/2019060502811.html,조선닷컴 > 사회,2019. 6. 5 (수),"현충일인 6일 오후 들어 제주를 시작으로 오는 7일까지 전국에 비가 오겠다. 비소식으로 더위는 한풀 꺾일 것으로 보인다.기상청에 따르면 6일 오후 3시부터 오는 7일 밤까지 제주와 강원 영동, 남해안, 경북 동해안 등에는 강수량 50mm~100mm의 비가 내리겠다. 나머지 지역에선 20mm~70mm의 강수량이 예상됐다. 기상청 관계자는 ""특히 제주와 전남 남해안에는 6일 오후 6시를 전후해 호우특보가 발표될 가능성이 있다""며 7일에는 강원 영동과 경상 해안으로 호우특보가 확대될 가능성이 있다""고 밝혔다. 일부 지역에는 비와 함께 돌풍과 천둥·번개가 치는 곳도 있겠다. 특히 6일 오후 제주와 전남 해안 등에는 순간 풍속이 최대 시속 70km에 달할 것으로 기상청은 내다봤다.6일 오후부터 제주도 전(全)해상과 서해 남부해상, 남해상을 시작으로 바다에도 바람이 시속 35km~70km로 매우 강하게 불겠고, 물결도 2m~5m로 높게 일겠다. 기상청 측은 ""해안과 해상 모두 강한 바람 등이 예보돼있어 시설물 안전 등에 주의해야 한다""고 당부했다.전국적인 비로 최근 기승을 부리던 더위가 다소 해소될 전망이다. 다만 폭염특보가 발효 중인 일부 경북 내륙은 6일까지 낮 기온이 33도 내외로 오르겠다.주요지역의 오전 기온은 △서울 19도 △인천 17도 △수원 17도 △춘천 18도 △강릉 20도 △청주 20도 △대전 19도 △전주 19도 △광주광역시 19도 △대구 20도 △부산 20도 △제주 20도 등일 것으로 전망됐다.오후 기온은 △서울 29도 △인천 26도 △수원 28도 △춘천 29도 △강릉 27도 △청주 29도 △대전 29도 △전주 30도 △광주광역시 29도 △대구 31도 △부산 26도 △제주 27도 등으로 예보됐다.미세먼지 농도는 전국이 '좋음'~'보통' 수준이겠다. 다만 대기 정체로 수도권과 충북·충남은 오전에 '나쁨' 수준일 것으로 예상됐다."
"한국암웨이, 코엑스에서 한국암웨이 미래재단 설립행사 가져",http://biz.chosun.com/site/data/html_dir/2019/06/05/2019060502003.html,조선경제i > 피플,2019. 6. 5 (수),"한국암웨이(대표이사 김장환)는 지난 4일 인터컨티넨탈 서울 코엑스에서 ‘한국암웨이 미래재단(이하 미래재단)의 설립행사를 갖고 공식 출범했다.한국암웨이 미래재단은 전문성을 한층 높이기 위해 사회 각계각층 다양한 분야의 전문가들을 이사회 구성원으로 초빙했다. 한국암웨이는 지난 28년 동안 전국의 조손(祖孫), 다문화 가정 등 도움이 필요한 아동들을 지원하는 ‘꿈을 품는 아이들’, ‘결식아동 보호사업’, ‘희망비타민 자원봉사’, ‘건강지킴이’ 등의 활동을 통해 도움이 필요한 이들을 꾸준히 지원해 왔으며, 최근에는 최악의 미세먼지 상황에서 ‘좋은 공기 캠페인’ 일환으로 전국에 있는 특수학교를 대상으로 공기청정기를 기증하고, 전 직원이 나무 심기에 참여하는 등 다양한 봉사활동도 펼쳐왔다.또한 ABO 비즈니스파트너(ABO, Amway Business Owner)도 2009년 사단법인 사랑의 본부를 창립하는 등 2018년까지 9년 동안 168억원의 기금을 자발적으로 모금했고, 이 기금으로 전 세계 어린이들을 돕는 사업을 해온 것은 물론, 한국암웨이의 희망 비타민을 비롯한 각종 자원봉사 참여를 통해 다양한 사회공헌 활동을 펼쳐왔다.한국암웨이는 우리 사회에 보다 체계적이고 적극적인 사회공헌을 확대하기 위해 지난해 말부터 미래재단 출범을 위한 준비를 시작해 지난달 30일 정부의 사업 인가를 받았다. 6월 4일 재단 설립행사에서는 기본재산 30억원을 출연하고 매년 핵심 사업 진행을 위한 운영금으로 약 15억원의 지원을 약속했다.미래재단의 주요 사업은 한국암웨이를 대표하는 기존 사회공헌활동인 ‘꿈을 품는 아이들’ 사업의 확대 운영, 문화예술 체험 기회 확대를 위한 아트프라이즈 사업, 소비자 보호를 위한 교육 및 피해 예방 사업 등이 있다.4일 개최된 재단 설립 행사에서 한국암웨이 김장환 대표이사는 ""한국암웨이의 근간이자 핵심비전인 ‘사람들이 더 나은 삶을 살도록 돕는다(Helping people live better lives)’를 우리 사회에 적극적으로 실천하기 위해 재단을 설립했다. 미래사회의 주역이 될 아동ㆍ청소년의 꿈의 실현을 돕고, 도움이 필요한 이웃을 돌보며, 공정한 사회질서 확립을 위해 소비자 보호에 힘쓰는 등 다각도에서 지역사회와의 상생을 위한 전문 재단 설립을 추진하게 되었다""며 ""보다 전략적이고 전문적인 사회공헌 시스템을 구축하고 이를 통해 건강하고 투명한 사회발전과 건설에 앞장서겠다""고 밝혔다."
"文대통령, 반년새 7번 PK행...이번엔 김경수 지사도 만나",http://news.chosun.com/site/data/html_dir/2019/06/05/2019060501958.html,조선닷컴 > 정치,2019. 6. 5 (수),"창원 수소 시내버스 개통식 참석…수소차량 세번째 시승환경의날 기념식 참석해 축사…""환경개선 성과 체감하게 할 것""文 ""추경안에 미세먼지 예산 포함...국회 추경처리 협력해달라""문재인 대통령이 5일 경남 창원에서 열린 제24회 환경의날 기념식과 수소 시내버스 제막식 및 개통행사에 참석했다. 올해 들어서만 네번째 부산·경남(PK) 지역 공식 방문이다. 문 대통령은 이날 김경수 경남지사도 만났다. 김 지사는 드루킹 댓글조작 사건으로 1심 재판에서 징역2년을 선고받고 법정 구속됐다가 지난 4월 보석(保釋)으로 풀려났다. 정치권에선 문 대통령이 10개월 앞으로 다가온 다음 총선의 최대 격전지로 예상되는 PK 민심 잡기를 염두에 둔 것 아니냐는 말이 나왔다.문 대통령은 이날 창원컨벤션센터에서 열린 제24회 환경의날 기념식에 참석, 축사를 통해 ""2022년까지 미세먼지 배출량을 2016년 대비 30% 이상 줄여낼 것""이라며 ""깨끗한 공기는 국민의 권리""라고 했다. 환경의날 유공자들에게 포상도 수여했다. 문 대통령은 이어 같은 장소에서 진행된 수소 시내버스 개통행사에 참석했다. 이어 수소버스를 시승하고 패키지형 도심 수소충전소를 방문해 실증사업에 참여한 기업인을 만나고 직접 격려했다.문 대통령의 창원 방문은 지난 3월5일 경남 창원시 진해구 해군사관학교에서 열린 해군사관학교 제73기 사관생도 졸업 및 임관식이후 3개월만이다. 지난해 12월 창원 중소기업 스마트 제조혁신 전략 보고회, 지난 1월 울산 수소 경제 관련 행사, 2월 부산 스마트시티 혁신전략 보고회와 지난해 성탄절과 올해 설 연휴를 계기로 부산 영도의 모친과 경남 양산 사저를 비공식 방문한 것까지 더하면 반년사이에 PK 지역을 7번 방문한 것이다.청와대 핵심관계자는 이날 문 대통령이 창원을 방문한 배경에 대해 ""창원에는 국내 최초로 시내버스 노선에 수소 버스가 정식으로 투입되고, 그리고 정부 R&D 실증사업으로 패기지형 도심 수소충전소, 이게 처음으로 설치된 곳""이라고 설명했다.문 대통령은 이날 행사에서 김경수 경남지사도 만났다. 김 지사가 지난 4월 보석으로 풀려난 뒤 처음으로 공식 석상에서 나란히 선 것이다. 김 지사는 이날 환경의날 기념식 행사장에 문 대통령과 함께 입장했고, 행사가 진행되는 동안 문 대통령 가까이서 자리를 지켰다. 문 대통령이 수소충전소 시찰을 마치고 차량에 오를 때 악수하며 인사말도 주고받았다. 두 사람이 나눈 대화는 정확히 알려지지 않았다. 한 여권 관계자는 ""문 대통령의 최측근인 김 지사와 한 자리에서 만났다는 사실만으로도 지지자들에게 주는 메시지가 간단치 않을 것""이라고 했다. 야권에선 문 대통령과 김 지사의 이날 만남을 최근 여권이 드라이브를 거는 지역 민심 잡기와 연관지어 보고 있다. 문 대통령의 또다른 측근으로 꼽히는 양정철 민주당 민주연구원장은 최근 민주당 소속 시·도지사가 있는 12개 광역자치단체를 돌며 정책 연구 협약을 맺는 지방 순회에 나섰다. 이해찬 민주당 대표는 지난4일부터 조를 짜 18개 부처 장관들과 릴레이 오찬 회동을 하고 있다. 그런 와중에 문 대통령이 내년 총선 격전지로 꼽히는 PK 지역을 찾아 김 지사와 한자리에 있는 모습을 보인 것은 정책 일정 이상의 의미를 갖는다는 것이다. 자유한국당 관계자는 ""여권에서 '촛불혁명의 완성'이라고 부르는 총선 승리를 위해 여권이 정부와 지방자치단체를 활용하고 있다는 인상을 지울 수 없다""고 했다.문 대통령은 이날 환경의날 기념식 축사에서 야당을 향해 국회정상화에 나서라고 거듭 압박했다. 그는 ""이번에 제출한 추경안에는 미세먼지 정책을 속도있게 추진하기 위한 미세먼지 예산이 포함되어 있다. 환경부를 비롯한 각 부처 61개 사업 총 1조4517억원 규모""라며 ""이 자리를 빌려, 국회의 협력을 다시 한번 간곡히 당부한다""고 했다.한편 문 대통령이 수소 차량을 시승한 것은 이번이 세번째다. 지난해 10월 프랑스 파리를 방문했을 당시 현지 도심을 운행 중인 수소 전기차 택시 '넥쏘'를 시승했고, 이에 앞서 그해  2월에는 자율주행 기술을 접목한 같은 종류의 차를 시승했다."
"르노삼성, 전기차 시대 이끄는 AS 리더십 주목",http://car.chosun.com/site/data/html_dir/2019/06/05/2019060580038.html,카라이프 > 뉴스,2019. 6. 5 (수),"전기차 등록 대수는 2017년 2만5000여대에서 지난해 5만5000여대로 2배 이상 상승했다. 정부도 미세먼지 대책의 일환으로 전기차 보조금 지급 대수를 지난해 3만여대에서 올해 5만7000여대 수준으로 늘렸다. 산업통상자원부는 지난해 전기차 충전기 설치 전담 부서를 신설하고, 2022년까지 전기차 35만대를 보급하겠다고 밝혔다.서울시 역시 올해 안으로 전기 택시 3000대를 추가 공급하겠다고 최근 밝혔다. 이어서 내년엔 8000대로 늘리는 등 오는 2025년까지 총 4만대의 전기 택시가 서울 시내를 달릴 수 있도록 계획 중이라고 전했다. 한국은 본격적인 전기차 시대로 진입 중이다.전기차 판매량이 늘어나면서 애프터서비스에 대한 요구 역시 함께 늘어날 것으로 보인다. 전기차의 특성상 전문 장비와 인력이 갖춰진 곳에서만 수리가 가능하다. 전기차 시장 초기에는 차량 자체에 대한 매력이 구매를 좌우하지만, 이후에는 내연기관 차와 마찬가지로 애프터서비스가 구매는 물론 브랜드 이미지까지 좌우할 수 있다.이에 자동차 기업들 역시 전문 인력과 장비 확보 등 애프터서비스 인프라를 확대하고 있다. 이 중 르노삼성자동차(이하 르노삼성)가 전기차 애프터서비스에 철저한 준비를 갖춘 것으로 나타나 미래 자동차 시장을 이끌 브랜드로 주목을 받고 있다. 르노삼성은 이미 2011년부터 환경부와 전기차 실증사업을 시작해 국내 완성차 중 가장 먼저 전기차 생태계 조성과 시장 확장에 기여해왔다. 전기차 보증 조건과 애프터서비스 네트워크를 강화하며 소비자 만족도와 편의성을 높이고 있다. 배터리 용량 70% 보증 조건은 기존 7년 이내 혹은 주행거리 14만km 이하에서 8년, 16만km로 강화했다.르노삼성 전체 애프터서비스 네트워크는 직영 서비스점 12개, 협력 서비스점 450개를 포함 총 462개이다. 이중 약 60%에 이르는 서비스점에서 전기차 정비 서비스받을 수 있다. 전기차 관련 모든 정비가 가능한(고전압 배터리 정비 포함) 오렌지 레벨 정비소 86개, 전기차 관련 경정비 가능한 정비소 190개 등 총 276개의 전국 서비스지점에서 전기차 정비가 가능하다.오렌지 레벨은 고전압 배터리에 의해 전원을 공급받는 부품 진단 및 측정, 록아웃 작업, EV 부품에 대한 수리, 고전압 배터리 교체(고전압 배터리 자체 수리는 금지) 등을 할 수 있으며, 블루 레벨은 전기차에서 고전압과 무관한 일반 정비(서스펜션, 브레이크, 램프류 부품 작업 등)가 가능하다.르노삼성은 전기차 서비스 인재 양성에도 힘을 쏟고 있다. 매년 5회차 정도의 전기차 전문 인력 교육이 진행되고, 이를 통해 연간 70명의 전문 인력이 배출되고 있다. 현재 전국적으로 약 300여명의 전기차 담당 정비 전문 인력이 근무 중이다.또한, 직영과 동일한 ESC(전문 협력 서비스점)를 운영하며 직영사업소 규모의 전문 정비사업소 31개, 전문 부분 수리 서비스점 111개를 운영 중이며, ESC에서는 직영과 동일한 기술 수준을 갖춘 인력이 우수한 서비스를 제공하고 있다.고객 만족을 위해 CS 리더 제도를 운영하며 별도로 전문 강사를 통해 CS 교육을 실시하며 관리를 하고 있다. 지역을 순회하며 고객 응대, 서비스 인력의 마음가짐, 정비 후 차량 설명 등에 대해서 교육을 진행하는 한편, 협력점의 기술 레벨을 향상시키기 위해서 직영점과 동일한 기술 단계별 레벨 교육을 실시한다. 반기별로 테크니컬 세미나를 지역별 10개 사업소를 중심으로 차종별 정비 사례 및 기술 교육도 실시한다. 르노삼성은 애프터서비스에 들이는 공은 각별하다. 그 결과 2018년 컨슈머인사이트 자동차 기획조사에서 3년 연속 'A/S 만족도(CSQ)' 1위, 한국소비자원 자동차 서비스센터 소비자 만족도 조사에서도 국내 기업 1위를 차지했다. 이러한 성과들이 전기차 서비스에서도 리더십을 확보할 수 있는 원천이 되고 있는 것이다.판매 중인 전기차 라인업 역시 차별화된 모습이다. 준중형 세단 형태의 전기차는 현재 전기차 SM3 Z.E가 유일하다. 준중형 세단의 편안함을 원하는 전기차 구매자라면 SM3 Z.E를 고려해 볼 만하다. 1회 충전 주행거리는 최장 213km로 부족함이 없다. 무엇보다 '가성비'가 좋다는 점이 소비자들의 눈길을 사로잡고 있다. 2019년형 SM3 Z.E.의 판매 가격은 SE 트림 3700만원, RE 트림 3900만원이다. 보조금을 받으면 실제로 SM3 Z.E.는 2000만원 중반의 가격대에 구매가 가능하다.르노 트위지 역시 초소형 전기차로서 독보적인 존재감을 자랑한다. 트위지는 지난해 국내 초소형 전기차 판매량의 약 80%를 차지했다. 콤팩트한 일반 자동차 주차공간에 3대를 주차할 수 있다. 가정용 220V 전기로 약 3시간 30분이면 완전 충전이 가능하며, 1회 충전으로 약 55~80km를 달릴 수 있다. 보조금을 받으면 경차의 반값 가격대에 구매가 가능하다. 보조금 혜택을 받으면 400~500만원대에 구매가 가능하다.르노삼성 관계자는 ""전기차도 결국 자동차이기 때문에 구매 후 애프터서비스 등 애프터세일즈의 영역이 중요하다""며, ""전기차 시장이 성장함에 따라 차량의 품질은 물론 내연기관 차에 못지않은 정비 인력이나 인프라 구축, 탁월한 애프터서비스 등이 구매를 결정하는 요인이 될 것""이라고 말했다."
